{"theta0": 8276.483907904982, "theta1": -0.019327070530820653}